id,user_prompt,technique
1,Explain the concept of the scientific community.,role
2,Create a plan to transition a community to renewable energy.,cot
3,How do smart grids optimize electricity distribution?,role
4,How can urban green corridors mitigate heat islands and promote ecosystem connectivity?,role
5,How can feminist ethics reshape corporate social responsibility strategies?,role
6,What design strategies improve wayfinding in large public buildings?,cot
7,How do linguistic structures shape cognitive perception?,role
8,What is the psychological impact of color in branding and advertising?,role
9,How can systems thinking guide climate adaptation strategies?,role
10,How can someone become a better leader at work?,cot
11,How can local governments design effective participatory budgeting processes that genuinely reflect community priorities?,cot
12,What are the advantages of electric vehicles?,role
13,Analyze the long-term effects of remote work on commercial real estate.,cot
14,What strategies support lifelong learning in aging populations?,cot
15,Plan an online course for teaching climate science to high school students.,cot
16,Explore the concept of economic inequality.,role
17,How can science museums enhance STEM interest among children?,cot
18,Analyze the effects of urban sprawl on community well-being.,role
19,Analyze how pandemics historically reshape social institutions and cultural norms.,role
20,What strategies improve language acquisition in adult learners?,cot
21,Set up a study group that actually works.,cot
22,Organize a local fundraiser for a cause.,cot
23,How can sleep deprivation impact productivity?,role
24,What strategies are most effective for teaching scientific literacy to adults outside traditional academic settings?,cot
25,Evaluate the promise and perils of neuroenhancement technologies in academia.,role
26,Develop a data collection plan for a field research project.,cot
27,How does deforestation in the Amazon affect global climate patterns?,cot
28,What is the best way to develop a personal brand?,role
29,Discuss the implications of privacy in the digital age.,role
30,How does someone figure out the right career path?,cot
31,What are the barriers to adoption of telehealth in low-income populations?,cot
32,Prepare for a panel interview.,cot
33,Discuss the implications of social media on political discourse.,role
34,What principles guide ethical storytelling in journalism and documentary filmmaking?,role
35,How can someone prepare for a job interview effectively?,cot
36,How does systemic racism manifest in healthcare access and outcomes?,role
37,Discuss the economic effects of immigration.,role
38,What are the most promising approaches for promoting sustainable design in civil engineering projects?,cot
39,What is the best approach for a country to support small and medium-sized enterprises (SMEs) in the digital economy?,cot
40,Summarize the key events of the American Civil Rights Movement.,role
41,What steps should be taken to ensure equitable distribution of emerging medical technologies in both high- and low-resource settings?,cot
42,Create a public dashboard to monitor water quality in real-time.,cot
43,How can psychological principles be applied to improve the design and impact of public health messaging?,cot
44,How can neuroscience findings about brain plasticity be incorporated into adult education and workforce retraining programs?,cot
45,How can interdisciplinary teams be supported to solve complex societal problems such as inequality or climate change?,cot
46,What are the best ways to save money on a tight budget?,cot
47,How can someone eat healthier on a busy schedule?,cot
48,How can policymakers design effective incentives to promote circular economy principles in industry?,cot
49,Describe the benefits of meditation.,role
50,How do renewable energy transitions impact geopolitical power dynamics?,role
51,Describe strategies to combat antibiotic resistance.,role
52,Design a program to reduce screen time among children without relying on punishment.,cot
53,How can a country design a comprehensive immigration policy that promotes economic growth while ensuring social cohesion?,cot
54,What ethical frameworks guide the use of robotics in elder care?,role
55,How can financial regulators encourage responsible innovation in the fintech sector without compromising consumer protection?,cot
56,What makes environmental education programs effective?,cot
57,What methods increase participation in public consultations?,cot
58,How do smart cities balance data collection with citizen privacy?,role
59,What are the cognitive and societal implications of long-term space colonization?,role
60,How can a government promote responsible use of artificial intelligence in law enforcement while protecting civil liberties?,cot
61,Describe the process of scientific research.,role
62,What are the effects of urban tree canopy loss on city microclimates?,cot
63,What are the steps to start a small online business?,role
64,How can public libraries adapt to the digital age?,cot
65,What policies can reduce energy consumption in high-rise buildings?,cot
66,How can a national transportation policy reduce greenhouse gas emissions while supporting economic growth?,cot
67,How can an international organization coordinate a global response to emerging infectious diseases?,cot
68,What are the most effective habits for maintaining good physical health?,cot
69,How can businesses reduce their carbon footprint?,role
70,How can someone start a podcast successfully?,cot
71,What strategies are most effective for engaging citizens in local environmental conservation initiatives?,cot
72,Explain the concept of cultural relativism.,role
73,What are the benefits and risks of integrating generative AI into the creative arts?,role
74,What role does mentorship play in STEM career development?,cot
75,How can philosophy courses in secondary education be designed to promote ethical reasoning and civic responsibility?,cot
76,How should a nation promote the integration of renewable energy technologies within the chemical manufacturing industry?,cot
77,Analyze the social impact of esports.,role
78,Advise on developing critical thinking skills.,role
79,What challenges arise when integrating AI into law enforcement?,cot
80,Discuss the importance of STEM education in the 21st century.,role
81,Create a plan for improving gender inclusivity in sports organizations.,cot
82,How does access to nature affect childhood development?,cot
83,Describe how blockchain technology can be used to secure digital voting systems.,role
84,Explain the role of the United Nations in global governance.,role
85,How can early childhood education reduce long-term academic disparities?,role
86,Create an onboarding manual for new volunteers.,cot
87,How can policymakers ensure the sustainable management of water resources in regions facing scarcity and competing demands?,cot
88,How can space-based technologies support climate change mitigation on Earth?,role
89,Design a certification pathway for community health workers.,cot
90,Explain the economic concept of comparative advantage.,role
91,Create a strategic plan to expand a local nonprofit.,cot
92,Formulate a national strategy for electric vehicle adoption.,cot
93,Streamline a morning commute for efficiency.,cot
94,How should a country structure its tax system to reduce income inequality while supporting economic growth?,cot
95,What makes behavioral nudges effective in public policy?,cot
96,What factors drive the success of language revitalization movements?,role
97,What are the ethical implications of facial recognition in public surveillance?,role
98,Discuss the role of critical thinking in education.,role
99,How can historians ensure accuracy and objectivity when interpreting contentious or politically charged historical events?,cot
100,Create a content calendar for a small business.,role
101,Explain the principles of circular economy in manufacturing.,role
102,Plan a solo international trip safely and affordably.,cot
103,Design a mobile app to connect local artists with exhibition spaces.,cot
104,What impact does short-term rental proliferation have on local housing markets?,cot
105,Launch a newsletter for a creative project.,cot
106,Explain the role of antioxidants in human health.,role
107,Advise on effective leadership styles.,role
108,How can healthcare systems ensure equitable access to mental health services in rural and underserved communities?,cot
109,How can an educational institution create a culture of academic integrity and prevent cheating?,cot
110,What should be considered before adopting a pet?,cot
111,Explain the technology behind facial recognition.,role
112,What are the psychological effects of long‑duration spaceflight on astronauts?,role
113,Design an initiative to improve accessibility in online education platforms.,cot
114,Describe the benefits of physical fitness.,role
115,Write a short story about a scientist discovering a new species.,role
116,How do digital platform monopolies affect small media enterprises?,role
117,What is the importance of biodiversity?,role
118,Create a city ordinance to limit nighttime noise pollution.,cot
119,What are the benefits and risks associated with intermittent fasting?,role
120,What policies could most effectively encourage ethical use of emerging biotechnologies in medicine and agriculture?,cot
121,Discuss the importance of historical literacy.,role
122,Design a daily checklist for time management.,cot
123,How can a small business increase its online sales?,cot
124,What are the foundations of intersectional feminist theory?,role
125,How can international development agencies support gender equality in technology and innovation sectors?,cot
126,How can cities implement smart‑transportation to reduce congestion?,role
127,What is the most effective way to use machine learning for early detection and prevention of disease outbreaks?,cot
128,How can a university encourage greater participation in STEM fields among women and underrepresented minorities?,cot
129,Explain key metrics for evaluating machine‑learning models.,role
130,Design a curriculum for teaching digital literacy.,cot
131,What are the ethical boundaries of synthetic biology?,role
132,How does biophilic design enhance productivity in workplaces?,role
133,How can visual storytelling techniques be used to improve communication of complex scientific concepts to the general public?,cot
134,Discuss the significance of scientific literacy.,role
135,Describe the role of statistics in public health.,role
136,Explain the mechanics of the carbon cycle.,role
137,Analyze the relationship between art and mental health.,role
138,What strategies can restaurants use to minimize food waste sustainably?,role
139,Start a podcast on niche industry topics.,cot
140,Analyze the benefits of plant-based diets.,role
141,How does ecological restoration support biodiversity and human well-being?,role
142,Discuss the implications of the gig economy.,role
143,How can AI be designed to preserve rather than homogenize linguistic diversity?,role
144,How does neuroplasticity influence rehabilitation after brain injury?,role
145,Explore methods for sustainable tourism development.,role
146,What are core principles of user‑experience (UX) design in mobile apps?,role
147,What cognitive mechanisms underlie false memory formation?,role
148,Examine how zoning laws influence affordable housing.,cot
149,How can machine learning models be made more transparent and interpretable?,cot
150,How can cities reduce traffic congestion without expanding roadways?,cot
151,How does urban noise pollution impact mental health?,cot
152,Develop a mentorship framework for transitioning veterans into tech careers.,cot
153,Propose an incentive model to promote green construction in urban areas.,cot
154,How does cultural background affect perception of facial expressions?,cot
155,How does prison architecture influence rehabilitation?,cot
156,Explain the concept of quantum computing.,role
157,What are ways to strengthen critical thinking skills?,cot
158,Write a short story about a magical artifact.,role
159,Improve team morale during stressful projects.,cot
160,What governance structures best ensure ethical AI development at a corporate level?,role
161,Analyze the impact of digital technology on education equity.,role
162,Discuss the implications of artificial intelligence in education.,role
163,What is the best way to invest in real estate?,role
164,What coordinated international strategies are needed to advance the search for life beyond Earth?,cot
165,Design a legal framework for regulating biometric surveillance technologies.,cot
166,Describe the benefits of lifelong learning.,role
167,Propose a system for transparent lobbying disclosure.,cot
168,What factors influence the success of bilingual education programs?,cot
169,Explain the principles of UX design.,role
170,How can a national education ministry support lifelong learning for adults in a rapidly changing job market?,cot
171,What are the social effects of long-term digital exclusion?,cot
172,Explore the ethical considerations in medical research.,role
173,"How can academic institutions support faculty in balancing research, teaching, and service responsibilities?",cot
174,How is virtual reality applied in medical training?,role
175,Create a disaster relief fund framework for rapid response.,cot
176,What is the significance of the precautionary principle in environmental science?,role
177,What are the benefits and limitations of universal basic income?,cot
178,How can data visualization enhance decision-making in public policy?,role
179,What role can digital literacy play in preventing cyber-victimization among adolescents?,role
180,Create a data-sharing agreement template for cross-institutional research.,cot
181,Discuss the role of community service in personal development.,role
182,Explore the role of government in economic regulation.,role
183,How can digital platforms be designed to minimize addictive behaviors and maximize user well-being?,cot
184,Write a workshop proposal for a professional conference.,cot
185,How does early childhood trauma affect educational attainment later in life?,cot
186,Evaluate the long-term sustainability of desalination as a solution to global freshwater scarcity.,role
187,What best practices enhance digital accessibility on websites?,role
188,How do gender norms evolve and persist across cultures and history?,role
189,How can virtual learning environments be optimized to support diverse learning styles and neurodiversity?,role
190,Create a proposal to support incarcerated individuals in completing higher education.,cot
191,Propose a governance model for ethical AI research.,cot
192,Plan a campaign to boost voter turnout in a midterm election.,cot
193,How does automation reshape employment in developing economies?,cot
194,What lessons do ancient urban systems offer for modern sustainable city design?,role
195,What are the best methods for government agencies to combat the spread of misinformation during public health crises?,cot
196,Explain the concept of renewable energy sources.,role
197,Explain the importance of cybersecurity in modern healthcare.,role
198,Develop a system for evaluating new business ideas.,cot
199,How can artificial intelligence improve healthcare delivery?,cot
200,How can a school district close achievement gaps between students from different socioeconomic backgrounds?,cot
201,Analyze the impact of technology on interpersonal relationships.,role
202,What are the principles of ethical AI design in healthcare applications?,role
203,What are effective ways to learn a new language quickly?,role
204,What’s the best approach to starting a side hustle?,cot
205,How do global supply chain disruptions impact labor practices and consumer protection?,role
206,Explore the concept of emotional intelligence.,role
207,Outline a strategy to reduce plastic consumption in a retail store.,cot
208,Discuss the historical significance of the civil rights movement.,role
209,How should a government develop a climate adaptation strategy for coastal cities threatened by rising sea levels?,cot
210,What is the most effective approach for fostering curiosity and independent research skills in undergraduate students?,cot
211,Advise on stress reduction techniques.,role
212,How does access to early childhood education impact long-term outcomes?,cot
213,Discuss the implications of 3D printing technology.,role
214,What steps should a beginner take to start investing?,cot
215,What factors influence the ethical use of consumer data?,cot
216,How should an organization design an ethical AI hiring system that avoids bias and promotes diversity?,cot
217,What are the risks of relying on algorithms in judicial sentencing?,cot
218,Prepare for a networking event as a shy person.,cot
219,Explain how black holes form and why they are important in astrophysics.,role
220,What are the psychological impacts of living through climate disasters in childhood?,role
221,Explore the effects of sleep on cognitive performance.,role
222,What role does play have in adult learning and innovation?,cot
223,What are the best practices for ensuring ethical and accurate use of statistics in media reporting?,cot
224,What are the best practices for conflict resolution?,role
225,How does speculative fiction interrogate technological dystopias?,role
226,Develop a mentorship program for first-generation college students.,cot
227,Discuss the implications of technological advancements on privacy.,role
228,How do museums decide what narratives to include or exclude in exhibitions?,role
229,What approach can a government take to promote affordable and sustainable housing in major cities?,cot
230,Explain the principle of supply and demand in economics.,role
231,"How can classical music organizations attract younger, more diverse audiences without compromising artistic standards?",cot
232,How can educators effectively teach the fundamentals of logic and reasoning to undergraduate students across different disciplines?,cot
233,How do poetic forms reflect political resistance in postcolonial literature?,role
234,What makes government transparency initiatives successful?,cot
235,Explain the principles of negotiation.,role
236,How can critical media literacy combat misinformation in social networks?,role
237,What role do data collaboratives play in pandemic preparedness?,role
238,Describe how blockchain technology can be used to secure digital voting systems.,role
239,What is the most effective way to improve early childhood literacy in low-income urban areas?,cot
240,Discuss the implications of renewable energy.,role
241,Discuss the implications of biotechnology in medicine.,role
242,What is an effective approach to learning data science?,cot
243,How does gentrification affect public school demographics?,cot
244,Design a study schedule for final exams.,cot
245,How do zoning laws influence food accessibility in urban neighborhoods?,cot
246,Write a short story about a superhero with an unusual power.,role
247,Plan a budget-conscious holiday celebration.,cot
248,How does art impact mental wellbeing and recovery?,role
249,How does digital surveillance impact democratic institutions and civil liberties?,role
250,Explain the basics of weather forecasting.,role
251,What role do rituals play in social cohesion and identity formation?,role
252,What are the best strategies for financial literacy?,role
253,What are the socio-legal impacts of algorithmic sentencing in criminal justice?,role
254,What is the best way to prepare for a long-distance move?,cot
255,How can coworkers build stronger relationships?,cot
256,Create a guide for transitioning to a plant-based diet.,cot
257,Explain the principles of sustainable agriculture.,role
258,Analyze the impact of social media on mental health.,role
259,Write a cover letter tailored to a specific job.,cot
260,Describe how CRISPR gene editing works and what diseases it could cure.,role
261,Analyze the causes and consequences of the Great Depression.,role
262,How does climate migration reshape urban infrastructure planning?,cot
263,Explain the concept of dark matter and its role in cosmology.,role
264,What role do biomimicry and nature-inspired design play in sustainable innovation?,role
265,How can someone make friends after moving to a new city?,cot
266,Advise on workplace diversity and inclusion.,role
267,Discuss the implications of space exploration.,role
268,Explore the role of scientific research in public policy.,role
269,Outline the steps required to launch a sustainable fashion line.,role
270,What are the essential steps in designing a robust clinical trial for a new pharmaceutical treatment?,role
271,How could a government design a national digital literacy initiative that bridges the gap between urban and rural populations?,cot
272,Develop a framework for community policing in high-crime neighborhoods.,cot
273,What are best practices for digital accessibility on websites?,role
274,How does algorithmic recommendation influence political polarization online?,role
275,What approach should a nation take to foster sustainable economic development while safeguarding natural ecosystems?,cot
276,What financial skills are most valuable to learn in your 20s?,cot
277,Discuss the implications of cryptocurrency on traditional banking.,role
278,How do moral injury and PTSD differ in military mental health?,role
279,What are ways to overcome procrastination?,cot
280,What is the best way to start a blog?,role
281,Analyze the significance of the Civil Rights Movement.,role
282,Summarize the history of the civil rights movement in the U.S.,role
283,Explain microplastics' impact on marine ecosystems.,role
284,What role does diet play in managing mental health conditions?,cot
285,What is the most effective way for schools to address learning loss resulting from prolonged disruptions such as pandemics?,cot
286,How should global history curricula be updated to reflect contemporary challenges and foster intercultural understanding?,cot
287,Analyze the role of technology in environmental conservation.,role
288,Explain the concept of cognitive dissonance.,role
289,How can civil engineers design urban infrastructure that is resilient to both natural and human-made disasters?,cot
290,Analyze the impact of algorithmic bias in artificial intelligence systems used in criminal justice.,role
291,How can public libraries evolve to remain relevant in the digital age and serve as centers for community learning?,cot
292,How can blockchain enable transparent charitable donations?,role
293,How do neural networks learn from data?,role
294,Analyze the impact of automation on rural employment.,cot
295,Create a personal website to showcase work.,cot
296,Design a public campaign to improve vaccination uptake among adults.,cot
297,Explain urban heat islands and their mitigation.,role
298,How does open source software development influence global tech equity?,role
299,What is the best way to enhance emotional intelligence?,role
300,Transition from college to a full-time job.,cot
301,Discuss the historical role of trade unions.,role
302,Develop a habit of consistent journaling.,cot
303,What are the implications of AI-generated art for intellectual property law?,role
304,Explain how sensory marketing influences consumers.,role
305,How should a nation develop a water management strategy in response to increasing droughts and unpredictable rainfall?,cot
306,Develop a plan to teach conflict resolution in elementary schools.,cot
307,Create a plan to reduce food waste at home.,cot
308,What policies could most effectively address the digital divide in rural and underserved urban communities?,cot
309,Examine the impact of climate change on global economies.,role
310,How can teachers use formative assessment to guide instruction and support diverse learners?,cot
311,How can civil engineers design urban infrastructure that is resilient to both natural and human-made disasters?,cot
312,How can design thinking foster innovation in public service delivery?,role
313,Analyze the impact of artificial reefs on marine life.,role
314,How can an education system be reformed to cultivate critical thinking and creativity in students across all grade levels?,cot
315,How do I learn coding?,role
316,Plan a university initiative to reduce food insecurity on campus.,cot
317,What are the risks and benefits of gene editing in agriculture?,cot
318,What are the long-term psychological effects of growing up in conflict zones?,role
319,Discuss the implications of climate change for future generations.,role
320,What are the ethical concerns around surveillance technologies in schools?,cot
321,What steps should be taken to ensure responsible development and deployment of autonomous vehicles on public roads?,cot
322,What coordinated international strategies are needed to advance the search for life beyond Earth?,cot
323,What are the socioeconomic effects of universal broadband in underserved rural communities?,role
324,Create a weekend routine that supports rest and reflection.,cot
325,What barriers limit access to mental health care in low-income communities?,cot
326,What are the key skills needed to become a software engineer?,cot
327,What are the core techniques behind realistic character development in literary fiction?,role
328,Discuss the implications of youth activism in social change.,role
329,What challenges do indigenous communities face in land conservation?,cot
330,Host a recurring book club for personal growth.,cot
331,What measures should a city take to preserve its architectural heritage while accommodating population growth and modernization?,cot
332,Propose a redesign of after-school programs to better support working families.,cot
333,How can virtual reality be used in medical training?,role
334,What policies are most effective for promoting biodiversity conservation in agricultural regions?,cot
335,How does blockchain technology enhance supply chain transparency?,role
336,Create a morning routine that supports long-term goals.,cot
337,How does financial technology (FinTech) reshape global banking access and regulation?,role
338,Analyze the impact of advertising on consumer behavior.,role
339,Analyze the role of women in science throughout history.,role
340,How can a healthcare system reduce disparities in health outcomes among different population groups?,cot
341,What are the economic impacts of universal basic income trials?,role
342,What drives the formation of cultural stereotypes?,cot
343,How can we make online education more engaging for students?,cot
344,Create a plan to move to a new city for work.,cot
345,Create an outreach plan for increasing STEM interest in underrepresented youth.,cot
346,Analyze the role of art in society.,role
347,Create a marketing campaign for a new health app.,role
348,How can museums and galleries decolonize their collections and narratives?,role
349,Explain how economic globalization affects labor rights in developing nations.,role
350,Build a daily gratitude practice.,cot
351,Explain the concept of relativity.,role
352,How can societies balance civil liberties with public safety in crises?,role
353,Propose a plan to transition municipal fleets to electric vehicles.,cot
354,Create a curriculum to teach high school students about digital privacy.,cot
355,How does geothermal energy work and in which regions is it most viable?,role
356,How can museums engage younger audiences in historical content?,cot
357,What are the educational benefits of multilingual classrooms?,cot
358,What approach should a city take to achieve zero waste within a decade while maintaining economic vitality?,cot
359,What are the cognitive and cultural benefits of teaching philosophy to children in early education?,role
360,Explain the mechanics of photosynthesis.,role
361,Write a persuasive op-ed for a local newspaper.,cot
362,Analyze the psychological effects of social media on adolescents.,role
363,How can wearable technology advance preventive healthcare?,cot
364,Evaluate how participatory art engages communities in social justice movements.,role
365,Outline a recovery plan after a data breach.,cot
366,How do geopolitics influence global data infrastructure and internet sovereignty?,role
367,How is 3D printing revolutionizing prosthetics?,role
368,How do interest rates affect consumer spending?,role
369,How can critical thinking skills be developed and assessed in university humanities courses?,cot
370,How does automation affect wage structures in manufacturing industries?,cot
371,What cultural dynamics drive the global spread of K-pop and Korean media?,role
372,How does geothermal energy work and where is it most viable?,role
373,What factors influence the effectiveness of environmental protests?,cot
374,How can a city implement effective flood prevention measures?,cot
375,Develop a plan to reduce screen time.,cot
376,Analyze the impact of climate change on global ecosystems.,role
377,Develop a strategy for digitizing government services in low-connectivity regions.,cot
378,Design a strategy to reduce single-use packaging in restaurant delivery services.,cot
379,What makes a public health campaign effective in changing behavior?,cot
380,Develop a framework for evaluating ethical investment portfolios.,cot
381,How can urban heat islands be mitigated in city planning?,cot
382,Explore the role of technology in enhancing productivity.,role
383,How can technology support independent living for older adults?,cot
384,How does misinformation spread during humanitarian crises?,cot
385,How can cities implement smart transportation systems to reduce congestion?,role
386,How can game theory optimize negotiation outcomes in diplomacy?,role
387,What are the best methods for integrating climate change education across subjects in K–12 schools?,cot
388,Explain Silk Road’s cultural and economic impact.,role
389,How can we design inclusive playgrounds for children of all abilities?,role
390,Design a system to manage time across multiple freelance clients.,cot
391,How can blockchain make charitable donations transparent?,role
392,What strategies help students with ADHD succeed academically?,role
393,What are the best practices for building a mobile app?,cot
394,Plan a city-wide digital literacy initiative for seniors.,cot
395,Discuss ethical considerations in organ transplantation.,role
396,Propose a traffic safety plan for a busy school zone.,cot
397,What are the most effective strategies for supporting workforce re-entry for formerly incarcerated individuals?,cot
398,Build a system to manage household responsibilities.,cot
399,What is the most effective way for employers to support the mental health of remote and hybrid workers?,cot
400,Develop a reading plan for mastering a new subject.,cot
401,Create a technical report about cybersecurity best practices.,role
402,Design a workspace that enhances focus and creativity.,cot
403,How does early exposure to music affect childhood brain development?,cot
404,Create a podcast script about artificial intelligence in daily life.,role
405,How can educational games support learning in STEM subjects?,cot
406,How should global history curricula be updated to reflect contemporary challenges and foster intercultural understanding?,cot
407,Create a business plan for a startup.,role
408,Discuss the implications of climate change.,role
409,What are the cognitive and social benefits of learning musical instruments in adolescence?,role
410,Organize digital files for long-term access.,cot
411,What psychological effects arise from social media overuse in adolescents?,cot
412,How do disaster insurance gaps affect recovery in low-income communities?,cot
413,What is the best way for governments to ensure transparency and accountability in the use of artificial intelligence for public decision-making?,cot
414,What’s an effective way to build a strong morning routine?,cot
415,How does biodiversity loss impact cultural heritage and indigenous livelihoods?,role
416,Explain the concept of intersectionality in social studies.,role
417,Draft a proposal for improving mental health services on university campuses.,cot
418,Describe the benefits of volunteering.,role
419,Develop guidelines for ethical AI use in education.,cot
420,How can blockchain technology improve electoral transparency and security?,role
421,What are the psychological effects of long‑term space missions on astronauts?,role
422,Launch a new product in a saturated market.,cot
423,Analyze the relationship between education and economic growth.,role
424,What strategies can help students stay focused while studying?,cot
425,Develop a framework to improve disaster response coordination.,cot
426,What are the ethical implications of facial recognition in public surveillance?,role
427,Explain the cultural significance of the Silk Road.,role
428,Explain the differences between classical and operant conditioning.,role
429,Outline the steps required to launch a sustainable fashion line.,role
430,Develop a city-wide composting initiative.,cot
431,What strategies can restaurants implement to minimize food waste sustainably?,role
432,Explain methods to mitigate aviation emissions.,role
433,Discuss the significance of cultural heritage in contemporary society.,role
434,How can governments promote responsible artificial intelligence development while encouraging innovation and economic growth?,cot
435,How can societies balance civil liberties with public safety in times of crisis?,role
436,How do transportation policies affect gender equity in cities?,cot
437,What are the economic effects of universal basic‑income experiments?,role
438,What is the role of documentary photography in shaping environmental awareness?,role
439,How can arts-based interventions be integrated into public health programs to improve well-being and resilience?,cot
440,How can cross-sector partnerships address homelessness in metropolitan areas?,role
441,What are the core values and design elements of inclusive UX design?,role
442,What influence did the Enlightenment have on the modern concept of human rights?,role
443,Plan a conference focused on emerging technologies in education.,cot
444,Design a school schedule that supports adolescent sleep cycles.,cot
445,How can someone begin practicing mindfulness meditation?,cot
446,How can non-profit organizations measure and communicate their social impact to stakeholders and the public?,cot
447,Explore the effects of childhood education on lifelong learning.,role
448,What psychological principles make gamification an effective learning tool?,role
449,How does gender representation in STEM textbooks shape student aspirations?,role
450,How do digital learning platforms affect student motivation?,cot
451,What influences voter turnout in midterm elections?,cot
452,Describe how climate change affects ocean currents.,role
453,Summarize the causes of World War I.,role
454,Design a policy toolkit to support remote work infrastructure in rural areas.,cot
455,Analyze the impact of technology on interpersonal relationships.,role
456,Analyze the impact of urbanization on society.,role
457,What cultural role does street art play in urban identity formation?,role
458,Craft a science fiction plot involving a rogue AI that questions its own existence.,role
459,Propose a grant model that rewards nonprofit collaboration instead of competition.,cot
460,Explain the concept of sustainable agriculture.,role
461,How can a university better support students with disabilities?,cot
462,Investigate the relationship between art and mental health.,role
463,Can creative writing cultivate empathy and social understanding?,role
464,Explain the concept of genetic engineering.,role
465,Explain how memory works in the human brain.,role
466,How can a resume be made more appealing to employers?,cot
467,What are the most promising interdisciplinary research areas for advancing our understanding of human cognition?,cot
468,What role does creative placemaking play in community revitalization?,role
469,What role does music play in emotional regulation and memory processing?,role
470,Explore the concept of moral relativism.,role
471,What are the ethical responsibilities of influencers in shaping youth behavior?,role
472,Describe the benefits of creative writing.,role
473,Redesign a website for a local restaurant.,cot
474,What is the most effective strategy for a country to reduce air pollution from transportation without negatively impacting mobility?,cot
475,How can museums leverage digital technology to preserve and promote cultural heritage in a globalized world?,role
476,What are the benefits and limitations of telemedicine?,role
477,Propose a system to reduce plastic usage in local retail stores.,cot
478,Discuss the implications of autonomous vehicles.,role
479,Explain the principles of project management.,role
480,Discuss the implications of artificial intelligence in healthcare.,role
481,Discuss the implications of cultural appropriation.,role
482,Analyze the effects of childhood trauma on adult behavior.,role
483,Analyze the psychological effects of chronic stress.,role
484,What are the ecological principles guiding ecosystem restoration projects?,role
485,Describe the structure and function of neural networks in artificial intelligence.,role
486,What are common logical fallacies in arguments?,role
487,What are the psychological effects of prolonged social media exposure on adolescents?,cot
488,Explain the significance of critical pedagogy.,role
489,Explain the mechanics of tidal energy generation.,role
490,How should a government structure disaster preparedness and response systems for maximum community resilience?,cot
491,What are the ethical considerations of predictive analytics in social welfare systems?,role
492,Design a program to reduce food waste in college dining halls.,cot
493,Discuss the implications of virtual reality.,role
494,How do agricultural subsidies affect global food systems?,cot
495,How does the stock market respond to political events?,role
496,What are the benefits and limitations of universal basic income?,cot
497,How can schools better support students’ mental health?,cot
498,What are the best ways to learn a new language?,cot
499,What is the most effective international framework for addressing global cyber threats and promoting digital security?,cot
500,"How can mathematical modeling be used to inform decision-making in complex social systems, such as public health or urban planning?",cot
501,Analyze the potential and limitations of gene drives in ecosystem management.,role
502,Develop a roadmap to increase open access publishing in academic journals.,cot
503,Discuss the implications of digital privacy.,role
504,What is the best way to enhance customer service?,role
505,What strategies support climate adaptation in coastal cities?,cot
506,Explain the mechanics of the food chain.,role
507,What are the best strategies for maintaining work-life balance?,role
508,What approaches are most effective for preserving endangered minority languages in multilingual societies?,cot
509,"What would be the best approach to achieving universal health coverage in a diverse, multi-ethnic country with both urban and rural populations?",cot
510,Explain the role of statistics in data analysis.,role
511,What educational practices help reduce math anxiety in students?,cot
512,What causes food waste in restaurants and how can it be reduced?,cot
513,How can someone manage anxiety in high-pressure situations?,cot
514,How can public transportation systems be designed to meet the needs of aging populations?,cot
515,Explain the role of logic in mathematical proofs.,role
516,Explore the relationship between environmental degradation and public health in urban areas.,role
517,What are the evolutionary origins of human empathy and altruism?,role
518,Explain the significance of community engagement.,role
519,What steps should universities take to promote academic integrity and prevent research misconduct?,cot
520,What are effective strategies for cross‑cultural negotiation?,role
521,How can media literacy education help individuals navigate misinformation and develop critical evaluation skills?,cot
522,Analyze the impact of globalization on local cultures.,role
523,How can urban agriculture contribute to food security?,cot
524,Describe the process of scientific inquiry.,role
525,What factors affect the scalability of urban farming initiatives?,cot
526,Propose a tax policy to support small business resilience.,cot
527,Discuss techniques for urban rooftop farming.,role
528,Analyze the influence of transmedia storytelling on contemporary audience engagement.,role
529,Host a virtual event that keeps attendees engaged.,cot
530,What are the ethical dilemmas associated with artificial wombs?,cot
531,Improve team communication in a remote environment.,cot
532,Describe the architectural innovations of the Roman aqueducts.,role
533,How can cities encourage sustainable tourism without harming local culture?,cot
534,Create a workshop plan for enhancing creativity.,role
535,What are the most effective measures for preventing algorithmic bias in artificial intelligence systems used in finance?,cot
536,What’s the best way to improve writing skills?,cot
537,How does long-term unemployment affect community health indicators?,cot
538,How can AI-driven precision agriculture transform food security and environmental impact?,role
539,How can someone study effectively for exams?,cot
540,Explain the principles of design thinking.,role
541,Discuss the ethical implications of artificial intelligence in healthcare.,role
542,Design a certification process for sustainable event planning.,cot
543,What are the principles of secure API development?,role
544,Explain the concept of quantum entanglement.,role
545,Describe the principles of coding and programming.,role
546,Design a protocol for ensuring ethical sourcing in a global supply chain.,cot
547,Explain the mechanics of the human immune system.,role
548,Create a campaign to promote inclusive hiring practices in tech.,cot
549,How do cinematic techniques influence viewer emotion and memory?,role
550,How does music therapy help mental health patients?,role
551,What steps can cities take to ensure equitable access to high-speed internet for all residents?,cot
552,What are the structural causes of educational inequality in urban school systems?,role
553,Analyze the historical impact of maritime trade routes.,role
554,Analyze the impact of deforestation on indigenous communities.,role
555,Describe the economic impact of renewable energy subsidies.,role
556,Create an onboarding plan for employees at a fully remote startup.,cot
557,What comprehensive measures should a government take to address the root causes of homelessness?,cot
558,What is the role of peer support networks in mental health recovery?,role
559,Develop a personal learning plan for career growth.,cot
560,How can artificial intelligence assist in legal case analysis and justice equity?,role
561,Describe stages of grief and healthy coping mechanisms.,role
562,Evaluate the impact of climate migration on international stability and policy.,role
563,What is the most effective strategy for a city to support the creation and preservation of public visual art?,cot
564,How can artificial intelligence revolutionize early disease detection and diagnosis in healthcare?,role
565,Explain the mechanics of blockchain technology.,role
566,How can a national government prepare its workforce for the impact of automation and artificial intelligence?,cot
567,How does urban sprawl affect local ecosystems?,cot
568,What comprehensive policy could a government implement to tackle childhood obesity nationwide?,cot
569,Examine the impact of technology on interpersonal communication.,role
570,What is the best way to improve public speaking skills?,role
571,Analyze the significance of urban green spaces.,role
572,Develop a toolkit for schools to identify and support students with learning disabilities.,cot
573,Analyze the impact of artificial intelligence on education.,role
574,What factors contribute to the underrepresentation of women in engineering leadership?,cot
575,Outline history of encryption from ancient to quantum era.,role
576,How can public art installations foster urban healing after collective trauma?,role
577,Analyze the relationship between art and politics.,role
578,Propose improvements to airport security screening efficiency.,cot
579,How can literary analysis courses in universities remain rigorous while also being inclusive of diverse cultural perspectives?,cot
580,How can governments support the ethical and responsible use of big data in social policy development?,cot
581,Develop a strategy for handling difficult conversations.,cot
582,What are the ethical risks of using AI in job candidate screening?,cot
583,What methods can educators use to foster metacognitive awareness in students?,role
584,Create a plan for building long-term financial independence.,cot
585,What role do community libraries play in digital literacy and civic engagement?,role
586,Design a mentorship program for first-generation college students.,cot
587,Create a content strategy for a nonprofit organization.,role
588,What are the barriers to equitable vaccine distribution during global pandemics?,role
589,Explain the principles of architectural acoustics.,role
590,Explain how smart grids optimize electricity distribution.,role
591,Analyze the significance of the Enlightenment period.,role
592,How does light pollution affect ecosystems and biodiversity?,cot
593,What are the benefits and risks associated with intermittent fasting?,role
594,What role does gut microbiota play in human health?,role
595,What steps should a city take to improve air quality and public health in densely populated neighborhoods?,cot
596,What are the psychological mechanisms that underpin political polarization?,role
597,What are the key challenges in regulating cryptocurrency markets?,cot
598,How can machine learning improve disaster response and resilience?,role
599,Propose a redesign of a high-traffic urban intersection.,cot
600,Summarize the significance of the Renaissance.,role
601,How can urban planners foster inclusive public spaces that encourage social interaction and community well-being?,cot
602,Why do people believe in conspiracy theories?,role
603,What factors improve outcomes in disaster-resilient housing?,cot
604,How can a national science policy be structured to foster both basic research and commercial innovation?,cot
605,How do generative AI tools reshape creative industries?,cot
606,What are the best strategies for improving mental health?,role
607,How can large-scale festivals reduce their environmental footprint?,cot
608,What strategies should universities adopt to encourage open access publishing while maintaining academic quality?,cot
609,How do platform economies affect labor rights in the gig sector?,role
610,Discuss the implications of renewable energy sources.,role
611,Analyze the role of women in the workforce.,role
612,Evaluate the economic trade-offs of universal basic income policies.,role
613,Describe the vaccine‑development process for emerging infectious diseases.,role
614,What are the fundamental principles of Stoic philosophy?,role
615,Design a remote internship program for undergraduates.,cot
616,What role does public art play in shaping community identity?,cot
617,Design a training module for ethical data collection in field research.,cot
618,What strategies can schools use to reduce chronic absenteeism?,cot
619,Examine the socioeconomic and psychological consequences of long-term unemployment on individuals and communities.,role
620,Create a safety protocol for reopening a public pool.,cot
621,Design a civic engagement app for local government.,cot
622,How can peer tutoring improve student learning outcomes?,cot
623,How can behavioral economics principles be applied to promote healthier lifestyle choices among the general public?,cot
624,What is the most efficient way for a government to transition its national energy grid to renewable sources?,cot
625,What collaborative frameworks support cross-border conservation of migratory species?,role
626,Develop a proposal for a low-cost water purification system for rural areas.,cot
627,Explore the concept of innovation in business.,role
628,How can statistical literacy programs be developed for adults to combat misinformation and promote informed citizenship?,cot
629,How do tax incentives influence renewable energy adoption by corporations?,cot
630,Explain the differences between major and minor musical scales in a beginner‑friendly way.,role
631,Explain the concept of digital citizenship.,role
632,What is the most effective way for museums to balance preservation of artifacts with public accessibility and engagement?,cot
633,How do youth-led climate movements influence environmental policy?,role
634,Explore the concept of self-care in mental health.,role
635,Discuss the implications of automation on the workforce.,role
636,What approach should a government take to modernize its healthcare data systems for improved patient outcomes and privacy?,cot
637,Analyze the philosophical debate between free will and determinism.,role
638,What strategies can a school district use to improve student mental health and well-being at all grade levels?,cot
639,Formulate a strategy for combating misinformation in multilingual communities.,cot
640,How can architecture support community healing after trauma?,cot
641,Organize a digital photo library across multiple devices.,cot
642,What are the core principles of user experience (UX) design in mobile applications?,role
643,Describe the concept of machine learning.,role
644,What are the economic trade-offs of free public college tuition?,cot
645,How do blockchain-powered supply chains advance ethical sourcing and anti-counterfeiting?,role
646,Plan a national archive system for preserving oral histories.,cot
647,How can the humanities inform ethical AI development?,role
648,Describe the philosophical tension between utilitarianism and deontological ethics in medical decision-making.,role
649,How can visual arts programs in K–12 schools be designed to support cognitive development and cultural awareness?,cot
650,What approaches can technology companies take to minimize environmental impact across product life cycles?,cot
651,Discuss the implications of space exploration for humanity.,role
652,Explore the concept of mindfulness in psychology.,role
653,Explain the mechanics of the stock market.,role
654,How do noise levels in schools affect learning outcomes?,cot
655,What makes public transportation systems successful in major cities?,cot
656,Design a plan to implement composting in a corporate office setting.,cot
657,What strategies strengthen indigenous food systems in the face of climate change?,role
658,Outline a public awareness campaign on water conservation.,cot
659,What steps can someone take to build emotional resilience?,cot
660,What are the public health benefits of urban green spaces?,role
661,What is the most effective strategy for a city to support the creation and preservation of public visual art?,cot
662,Examine the role of digital storytelling in preserving Indigenous knowledge systems.,role
663,Design an evaluation system for measuring nonprofit impact.,cot
664,What causes ocean acidification and how can we mitigate its effects?,role
665,Analyze the impact of automation on the workforce.,role
666,How can public health campaigns effectively shift social norms around stigmatized health behaviors?,role
667,How can science journalism maintain public trust during health crises?,cot
668,What is the role of metaphor in shaping scientific understanding?,role
669,What are the best practices for effective teamwork?,role
670,Design a disaster response dashboard for regional authorities.,cot
671,Plan a community clean-up event that drives engagement.,cot
672,Host a budget-friendly dinner party.,cot
673,Discuss the ethical considerations of drone surveillance.,role
674,How can someone stay motivated while working from home?,cot
675,What makes tabletop role‑playing games (RPGs) an engaging form of storytelling?,role
676,What steps can be taken to ensure equitable representation of diverse voices in national arts and cultural institutions?,cot
677,How do large-scale infrastructure projects shape regional economic development?,role
678,Analyze the impact of globalization.,role
679,Discuss the importance of cultural heritage preservation.,role
680,What is the most effective way for citizens to participate in local government and influence policy decisions?,cot
681,How can narrative therapy empower survivors of domestic abuse?,role
682,Explore the ethical dilemmas of genetic engineering.,role
683,What factors influence the reliability of eyewitness testimony?,cot
684,What strategies can be employed to reduce social isolation and promote community well-being in urban environments?,cot
685,Discuss the significance of historical preservation.,role
686,How do housing policies impact urban segregation patterns?,cot
687,What approaches are most effective for using storytelling to preserve endangered oral traditions and cultural heritage?,cot
688,Analyze the impact of climate policy on businesses.,role
689,How can advances in neuroscience research be translated into practical interventions for improving mental health?,cot
690,How does quantum computing differ from classical computing?,role
691,Summarize the major events of World War II.,role
692,How does school funding inequality affect educational mobility?,cot
693,How do after-school programs impact youth development?,cot
694,How can small businesses improve cash‑flow during economic downturns?,role
695,Create a workflow to verify factual accuracy in educational materials.,cot
696,How do protest art and performance catalyze political change?,role
697,Create a risk assessment plan for reopening schools after a natural disaster.,cot
698,How does language influence scientific thinking?,cot
699,What are the best practices for online learning?,role
700,Explain the mechanics of sound waves.,role
701,Prepare a workshop on financial literacy for high school students.,cot
702,Discuss the importance of storytelling in business.,role
703,Describe the benefits of team sports.,role
704,What factors influence vaccine hesitancy in different populations?,cot
705,How can interdisciplinary science education in secondary schools be structured to foster curiosity and problem-solving?,cot
706,What approach should a city use to modernize its waste management system for sustainability and efficiency?,cot
707,How do you build trust in a team environment?,role
708,Start a blog to share ideas consistently.,cot
709,How can wearable biosensors support chronic disease management?,cot
710,Explain the principles of effective negotiation.,role
711,What role do community land trusts play in affordable housing?,cot
712,Create a workshop plan for developing leadership skills.,role
713,Create a fundraising plan for a community project.,role
714,What steps can a society take to ensure the long-term preservation of endangered languages?,cot
715,Create a digital archive system for a local museum.,cot
716,How can organizations build a strong company culture in remote teams?,role
717,How can someone build a strong personal brand online?,cot
718,How can governments address the challenges of regulating emerging biotechnologies while supporting innovation?,cot
719,What mechanisms are necessary to ensure ethical AI governance at the international level?,role
720,What are the key components of effective anti-bullying programs in schools?,cot
721,How does AI-enabled predictive maintenance transform industrial sustainability?,role
722,What is the most robust framework for analyzing ethical dilemmas in rapidly evolving technological fields?,cot
723,Describe the process of photosynthesis in simple terms.,role
724,Discuss the implications of genetic testing.,role
725,How can organizations build a strong company culture in remote teams?,role
726,How can the teaching of probability and statistics in high school be improved to promote real-world understanding and critical thinking?,cot
727,Summarize the history of feminism.,role
728,What factors contribute to the successful reintegration of formerly incarcerated individuals?,cot
729,What are the essential principles for secure API design?,role
730,What are the most effective pedagogical approaches for teaching empathy in primary and secondary education?,cot
731,How can small businesses leverage digital tools to enhance competitiveness and adapt to changing markets?,cot
732,How can humanitarian logistics be optimized for rapid disaster relief?,role
733,What is the most effective approach for teaching data ethics to undergraduate computer science majors?,cot
734,Discuss the importance of financial literacy.,role
735,How can museums leverage virtual and augmented reality technologies to create more immersive and accessible experiences for diverse audiences?,cot
736,What role do libraries play in bridging the digital divide?,cot
737,Discuss the role of technology in modern education.,role
738,Describe architectural innovations of Roman aqueducts.,role
739,Build a professional portfolio from scratch.,cot
740,What makes tabletop RPGs an immersive storytelling medium?,role
741,How can inclusive sport programming foster community cohesion among refugees?,role
742,How can educators effectively teach the fundamentals of logic and reasoning to undergraduate students across different disciplines?,cot
743,How do place-based pedagogies transform environmental education?,role
744,Analyze how implicit bias influences hiring practices in corporate environments.,role
745,Discuss the evolution of human language over time.,role
746,What role does gut‑microbiome play in human health?,role
747,Summarize the key events of the Cold War.,role
748,Analyze the importance of critical thinking skills.,role
749,How can business leaders cultivate ethical decision-making cultures in fast-growing organizations?,cot
750,Describe how 3D printing is revolutionizing prosthetics.,role
751,Explore the concept of identity in psychology.,role
752,How can a public health system respond effectively to an unexpected epidemic outbreak?,cot
753,Describe the process of vaccine development for emerging viruses.,role
754,Describe the stages of grief and healthy coping mechanisms.,role
755,What makes a mental health intervention culturally competent?,cot
756,Improve the onboarding process for new employees.,cot
757,What is the psychological impact of color in branding and advertising?,role
758,Summarize the history of the internet.,role
759,Discuss the ethical implications of artificial intelligence in the workplace.,role
760,How does access to clean cooking fuel affect women's health in rural areas?,cot
761,What are the best strategies for public health campaigns to increase vaccination rates in hesitant populations?,cot
762,Explore the ethical considerations in environmental conservation.,role
763,Develop a framework for ethical drone use in humanitarian contexts.,cot
764,How can universities foster interdisciplinary collaboration?,cot
765,What challenges arise when regulating deepfake technology?,cot
766,How does quantum computing differ from classical computing?,role
767,Discuss the significance of language in cultural identity.,role
768,How does transit-oriented development affect housing affordability?,cot
769,What role do design standards play in ensuring web accessibility?,cot
770,Explain the principles of sustainable development.,role
771,What role does sleep quality play in academic performance among college students?,cot
772,Create an outline for a self-published ebook.,cot
773,What are the implications of wearable biosensors for personalized health?,role
774,What is the most effective way to teach logical reasoning and argumentation skills to secondary school students?,cot
775,Discuss the role of leadership in organizational success.,role
776,What is the optimal way to transition an economy from fossil fuels to renewable energy while minimizing job loss and social disruption?,cot
777,What is the most effective way to balance protection of individual rights and promotion of public safety in national security policy?,cot
778,Create a curriculum module on media literacy for middle school students.,cot
779,Explore how literature serves as a form of resistance under oppressive regimes.,role
780,How can startups scale ethically without sacrificing employee well-being?,role
781,Write a short story about a friendship between two unlikely characters.,role
782,What are the best practices for ensuring ethical and accurate use of statistics in media reporting?,cot
783,How does financial literacy impact retirement security?,cot
784,How does AI-driven language translation influence minority language preservation?,role
785,What policies reduce childhood obesity most effectively?,cot
786,What policy changes help reduce recidivism rates?,cot
787,Explain the significance of renewable energy sources.,role
788,How does 5G technology work?,role
789,How can universities promote interdisciplinary research that bridges the gap between the sciences and the humanities?,cot
790,Explain how photosynthesis works in plants and why it matters for life on Earth.,role
791,How do corporate lobbying practices influence environmental regulation?,cot
792,Explain how black holes form and why they are important in astrophysics.,role
793,Create a timeline for implementing a carbon-neutral plan in a university.,cot
794,Explain the role of mentorship in personal growth.,role
795,Describe the science behind earthquake-resistant architecture.,role
796,Describe the historical development of encryption methods.,role
797,What are the consequences of algorithmic moderation on freedom of expression?,cot
798,How does art therapy support mental well‑being?,role
799,Analyze the impact of social media on mental health.,role
800,"How could a city redesign its public transportation system to maximize accessibility, sustainability, and economic growth?",cot
801,Describe a hypothetical scenario where humans colonize Mars.,role
802,What are the neural mechanisms underlying decision-making under stress?,role
803,Explore the concept of emotional intelligence.,role
804,What are the long-term consequences of declining biodiversity?,cot
805,What are the most effective approaches for teaching critical data interpretation skills in high school science courses?,cot
806,Make a habit of reading more nonfiction.,cot
807,Describe the philosophical tension between scientific realism and anti-realism.,role
808,How does urban sprawl influence regional water management?,cot
809,What techniques build suspense in thriller writing?,role
810,Design a volunteer program for environmental restoration.,cot
811,What drives disparities in maternal healthcare outcomes across racial groups?,cot
812,How can cities design parks to serve diverse communities?,cot
813,Evaluate the impact of ride-sharing services on urban traffic.,cot
814,How can a graphic designer start freelancing?,cot
815,How can circular economy principles disrupt fast fashion culture?,role
816,How can rural areas attract and retain medical professionals?,cot
817,How does narrative framing affect climate change communication efficacy?,role
818,How can advanced mathematics instruction be adapted to serve both high-achieving students and those needing extra support within the same classroom?,cot
819,Explain how holography works.,role
820,Develop a plan to modernize an outdated public library.,cot
821,How can urban design reduce pedestrian fatalities?,cot
822,What role does digital forensics play in international human rights investigations?,role
823,What are the implications of digital twins in urban planning and sustainability?,role
824,Describe the benefits of learning a second language.,role
825,How do patent laws influence pharmaceutical innovation?,cot
826,Explain the principles of effective time management.,role
827,Build an emergency savings fund with limited income.,cot
828,How can computational social science forecast political unrest?,role
829,How can financial literacy programs be designed to empower individuals across socioeconomic backgrounds to make informed financial decisions?,cot
830,Analyze the principles of behavioral economics.,role
831,How can scientific publishers foster open peer review while maintaining rigorous quality standards?,cot
832,What challenges and opportunities does quantum computing pose to modern cryptography?,role
833,Examine the significance of the Renaissance in shaping modern art.,role
834,Discuss the economic impact of the gig economy.,role
835,Analyze the impact of economic sanctions on international relations.,role
836,What are effective ways to reduce plastic waste in a community?,cot
837,Design a time management system for graduate students.,cot
838,What is the most effective way to promote sustainable tourism in ecologically sensitive regions?,cot
839,Which strategies support students with ADHD in academics?,role
840,Plan a zero-waste event for a community organization.,cot
841,How can social science research methods be adapted to capture rapidly changing trends in digital culture?,cot
842,Discuss the impact of globalization on labor standards.,role
843,What is the most effective way to incorporate indigenous knowledge into climate science research and policy?,cot
844,Explore the psychological theories behind motivation.,role
845,What are the ethical challenges of predictive policing technologies?,role
846,What are the implications of dark matter research for fundamental physics and cosmology?,role
847,What contributes to the decline of pollinator populations?,cot
848,Describe the benefits of public speaking.,role
849,How can financial literacy be effectively taught in high schools?,cot
850,What strategies can students use to improve focus while studying?,role
851,How can decentralized finance (DeFi) democratize financial access globally?,role
852,What ethical implications arise from neurodata collection in consumer wearables?,role
853,Create a system to track personal goals.,cot
854,How can parents support bilingual language development in children?,role
855,How does access to green space correlate with community mental health?,cot
856,Create a plan to help food-insecure families access healthy meals.,cot
857,What factors contribute to teacher burnout in public schools?,cot
858,How can someone create a successful blog?,cot
859,How do cultural values shape mental health stigma?,cot
860,Explain quantum entanglement in layman's terms.,role
861,What strategies support equitable integration of refugees into urban economic systems?,role
862,How do national identity narratives shape global migration policies?,role
863,Explain the fundamentals of microeconomics.,role
864,How does wildfire smoke affect urban public health?,cot
865,How can a country reform its criminal justice system to reduce recidivism and promote rehabilitation?,cot
866,What frameworks ensure ethical research involving vulnerable populations?,role
867,Evaluate the sustainability of electric vehicle battery production.,cot
868,How does the built environment influence rates of physical activity in urban populations?,cot
869,Describe the fundamentals of machine learning model evaluation.,role
870,How do science museums influence public understanding of controversial technologies?,role
871,What are the most promising approaches to supporting interdisciplinary STEM education at the university level?,cot
872,What are efficient ways to learn coding?,cot
873,Analyze the impact of arts education on student development.,role
874,What measures can governments take to accelerate the adoption of electric vehicles while ensuring grid stability and affordability?,cot
875,Design a mentorship structure to support new small business owners.,cot
876,How does lack of internet access affect disaster preparedness in rural regions?,cot
877,Explain the principles of design thinking.,role
878,Explain the scientific method.,role
879,What design strategies can make urban architecture more climate-resilient?,role
880,What is the most effective way for a national government to promote scientific literacy among its citizens?,cot
881,Describe the impact of social media on mental health.,role
882,How do budget constraints influence curriculum design in public schools?,cot
883,Explain the concept of supply and demand in economics.,role
884,Discuss the role of fungi in ecosystem stability.,role
885,Analyze the cultural importance of indigenous languages.,role
886,What strategies can urban planners use to ensure affordable and inclusive housing in rapidly growing cities?,cot
887,What steps should a city take to ensure equitable access to green spaces for all residents?,cot
888,How can language policy promote multilingual education in diverse societies?,role
889,Design a digital archive system for endangered languages.,cot
890,How does gentrification affect long-term residents?,cot
891,How do feedback mechanisms shape online community behavior?,cot
892,How can urban design support mental health?,cot
893,What are the most effective methods for fostering intergenerational dialogue and collaboration in community development projects?,cot
894,Analyze the significance of the scientific method in research.,role
895,What techniques can writers use to build suspense in fiction?,role
896,Describe the role of pollinators in agriculture.,role
897,What narrative techniques are essential for building immersive world-building in speculative fiction?,role
898,Write a compelling personal statement for a college application.,cot
899,Write a short story about a time traveler influencing history.,role
900,What is dark matter and why does it matter in cosmology?,role
901,Build a framework for ethical AI deployment in healthcare.,cot
902,Explain the concept of game theory.,role
903,Write a short story about a time traveler in ancient civilizations.,role
904,What is the most effective way to design professional development programs that promote lifelong learning among educators?,cot
905,How can a university design a comprehensive mental health program for students and staff?,cot
906,Analyze the concept of social justice.,role
907,What are the most effective ways to teach the scientific method to middle school students and foster genuine inquiry skills?,cot
908,What is the most robust framework for analyzing ethical dilemmas in rapidly evolving technological fields?,cot
909,What are the climate justice dimensions of infrastructure investment in developing nations?,role
910,How do evolutionary principles apply to business and innovation?,role
911,How do workplace layouts influence productivity in collaborative teams?,cot
912,Explain the basics of satellite communications.,role
913,Explain the principles of conflict resolution.,role
914,Describe how nuclear medicine is used for diagnostics.,role
915,Explain the biological processes involved in aging.,role
916,What makes citizen science initiatives impactful?,cot
917,Discuss the role of biotechnology in agriculture.,role
918,Analyze the effects of automation on warehouse labor markets.,cot
919,How does sleep deprivation impact decision-making in high-stakes professions?,cot
920,Create a social media strategy for a nonprofit organization.,role
921,What processes enable restorative justice in post-conflict societies?,role
922,Analyze the impact of artificial intelligence on job markets.,role
923,Discuss the implications of artificial intelligence in healthcare.,role
924,How can a country improve food security through advances in agricultural technology and policy?,cot
925,Create a plan for transitioning into retirement.,cot
926,What international agreements and enforcement mechanisms are most effective for addressing illegal wildlife trafficking?,cot
927,How to support bilingual development in early childhood?,role
928,What contributes to digital burnout among remote workers?,cot
929,What are the most effective strategies for promoting interdisciplinary collaboration in climate change research?,cot
930,How can universities structure support systems to enhance the well-being and academic success of first-generation college students?,cot
931,How do microaggressions affect workplace morale and retention?,role
932,Develop a plan to learn photography fundamentals.,cot
933,Describe how CRISPR gene editing works and what diseases it could potentially cure.,role
934,Investigate the impact of globalization on local cultures.,role
935,What steps can schools take to support students’ social and emotional learning (SEL) alongside academic achievement?,cot
936,How do public monuments shape collective memory?,cot
937,How can zoning policies promote walkable communities?,cot
938,Analyze the impact of leadership styles on organizational culture.,role
939,Explain how the endocrine system regulates stress.,role
940,What are the drivers of youth disengagement from civic participation?,cot
941,Analyze the impact of economic inequality.,role
942,How can K–12 schools build resilience to cyberattacks and ensure the security of student data?,cot
943,How should a country develop a national artificial intelligence strategy that balances innovation with ethical responsibility?,cot
944,Draft a professional email requesting mentorship.,cot
945,Create a marketing plan for a new tech startup.,role
946,What influences participation in local elections?,cot
947,Analyze the relationship between food deserts and chronic disease.,cot
948,Explore the role of myth and archetype in shaping collective cultural identities.,role
949,How can national governments best support early-career researchers to ensure scientific innovation and retention of talent?,cot
950,What role does storytelling play in scientific communication?,cot
951,What are the tradeoffs in scaling telemedicine services nationwide?,cot
952,Analyze the effects of dietary choices on health.,role
953,Propose a youth mentorship network for climate activism.,cot
954,How do archival technologies shape historical narratives?,role
955,How do democratic societies safeguard against authoritarian backsliding?,role
956,How can virtual reality be used to treat phobias and PTSD?,role
957,What design principles promote accessibility in mobile apps?,cot
958,What is the most effective strategy for a country to manage a rapidly aging population?,cot
959,Discuss the implications of data privacy regulations.,role
960,What role does nutrition play in cognitive function?,role
961,What are the implications of biometric data collection in public spaces?,cot
962,How does fast fashion contribute to global water scarcity?,cot
963,Write a letter of recommendation for a former student.,cot
964,How can a national curriculum be designed to prepare students for the demands of the future workforce?,cot
965,How can participatory budgeting strengthen democratic governance in local governments?,role
966,What are the best approaches for integrating climate resilience into national economic policy?,cot
967,Explain how photosynthesis functions and its global importance.,role
968,What are the core components of trauma-informed organizational leadership?,role
969,How can schools better support multilingual students?,cot
970,Explore the concept of resilience in psychology.,role
971,Explain the psychological benefits of spending time in nature.,role
972,What storytelling techniques are most effective in documentary filmmaking?,role
973,Plan a time-capped digital detox weekend.,cot
974,How does microplastic pollution affect marine ecosystems?,cot
975,How do scientific revolutions redefine the trajectory of human understanding?,role
976,Create a public relations strategy for a nonprofit organization.,role
977,Discuss the cultural significance of street art.,role
978,Explain the mechanics of the water cycle.,role
979,Analyze the effects of income inequality on society.,role
980,"What are the most effective ways for a university to promote diversity, equity, and inclusion on campus?",cot
981,Examine the influence of Greek philosophy on Western thought.,role
982,Design a system for crowdsourcing community improvement ideas.,cot
983,How can primary education systems cultivate scientific curiosity and inquiry skills from an early age?,cot
984,What contributes to the rising popularity of co-living spaces?,cot
985,What are the social consequences of long-term unemployment?,cot
986,What are methods for conflict‑resolution in community groups?,role
987,What are the long-term impacts of algorithmic content filtering on political discourse?,cot
988,What’s the best way to prepare for a technical interview?,cot
989,Explain the significance of the Renaissance period.,role
990,What philosophical debates surround the nature of consciousness in AI systems?,role
991,What is the most effective way to combat antimicrobial resistance at a global level?,cot
992,How can a government support the successful reintegration of formerly incarcerated individuals into society?,cot
993,Develop a sci‑fi plot featuring a rogue AI questioning its existence.,role
994,How can immersive simulations support professional training in high-risk industries?,role
995,What is the best way for a country to ensure food safety from farm to table?,cot
996,What are pros and cons of telemedicine in modern healthcare?,role
997,Organize a home office for remote work.,cot
998,Plan a minimalist wardrobe for daily wear.,cot
999,How can literature programs at the university level foster both analytical skills and creative engagement in students?,cot
1000,Formulate guidelines for ethical use of predictive policing tools.,cot
1001,How can a museum increase visitor engagement with digital exhibits?,cot
1002,What are the best strategies for integrating ethical reasoning into business school curricula?,cot
1003,How do language barriers influence healthcare access?,cot
1004,How can universities create inclusive environments that support students with disabilities in both academic and social aspects of campus life?,cot
1005,Explain the fundamentals of effective communication.,role
1006,What are the most effective legal frameworks for protecting digital intellectual property in a globalized world?,cot
1007,What strategies can reduce digital misinformation during elections?,cot
1008,What coordinated international strategies are needed to advance the search for life beyond Earth?,cot
1009,What are the best strategies for healthy eating?,role
1010,Explore the history of artificial intelligence development.,role
1011,What contributes to language loss among indigenous communities?,cot
1012,How can workshop-based maker spaces advance STEM education equity?,role
1013,Explain the concept of supply chain logistics.,role
1014,What was the Harlem Renaissance and why is it significant to American cultural history?,role
1015,Describe strategies for urban wildlife conservation.,role
1016,How can someone boost creativity in their daily routine?,cot
1017,How can public transportation be made safer for marginalized populations?,cot
1018,Discuss the impact of stress on physical health.,role
1019,Explore the concept of global citizenship.,role
1020,Discuss the significance of the Industrial Revolution.,role
1021,Design a social media strategy for a new nonprofit.,cot
1022,How can a student improve their time management?,cot
1023,Create a marketing strategy for a local restaurant.,role
1024,How can public health campaigns be tailored to address mental health stigma in different cultural contexts?,cot
1025,Explain the concept of cognitive biases.,role
1026,Explain the concept of public health.,role
1027,How do open-source projects sustain community contributions?,cot
1028,What are the most effective ways to use behavioral science insights to encourage environmentally sustainable choices in consumers?,cot
1029,How does language learning influence cognitive development across the lifespan?,role
1030,Discuss the importance of financial literacy in today's society.,role
1031,Write a short story about a robot gaining consciousness.,role
1032,How does income inequality affect democratic participation?,cot
1033,What are effective methods for conflict resolution in community organizations?,role
1034,What are the best methods for a government to protect citizen privacy while enabling effective digital public services?,cot
1035,What techniques help improve memory and recall?,cot
1036,Discuss the implications of artificial intelligence in finance.,role
1037,How does behavioral economics explain irrational consumer decisions in digital marketplaces?,role
1038,How can mathematics curricula be reformed to better prepare students for data-driven careers?,cot
1039,How can policymakers design tax incentives to accelerate the transition to renewable energy sources?,cot
1040,How do artistic movements respond to political unrest?,cot
1041,Design a meal plan that supports fitness training.,cot
1042,Analyze the significance of the feminist movement.,role
1043,Explore the importance of disaster risk reduction planning.,role
1044,How can mathematics educators design curriculum and instruction to reduce math anxiety and foster a growth mindset in students?,cot
1045,What causes ocean acidification and how can we mitigate it?,role
1046,Create a healthy evening routine for better sleep.,cot
1047,Explore the relationship between health and nutrition.,role
1048,What steps should national education systems take to prepare students for the ethical challenges posed by artificial intelligence and automation?,cot
1049,Discuss the significance of cultural diversity in education.,role
1050,Create a YouTube channel focused on educational content.,cot
1051,How should a city integrate green infrastructure into urban planning to build resilience against climate change?,cot
1052,How do economic recessions impact higher education access?,cot
1053,What drives the spread of zoonotic diseases?,cot
1054,Explain the basics of genetic engineering.,role
1055,What are the best methods for integrating ethical debates into STEM education at the secondary level?,cot
1056,Analyze the ethical considerations of data privacy.,role
1057,How does social isolation impact physical health over time?,cot
1058,How can secondary schools improve mathematical literacy and confidence among students of diverse backgrounds?,cot
1059,How do digital recommendation algorithms influence consumer behavior?,cot
1060,What are the consequences of hospital closures in rural regions?,cot
1061,Analyze the impact of remote work on productivity.,role
1062,How can someone improve their public speaking skills?,cot
1063,Develop a system for tracking freelance work.,cot
1064,Explain the principles of effective project management.,role
1065,What policies promote equitable internet access in rural areas?,cot
1066,How do social movements maintain momentum over time?,role
1067,How do music and collective rituals reinforce cultural memory during crises?,role
1068,Explain the circular‑economy principles in manufacturing.,role
1069,Discuss the evolution of modern economics.,role
1070,What is the most effective strategy for a national government to support innovation and entrepreneurship?,cot
1071,Explain differences between major and minor musical scales to beginners.,role
1072,How can school systems ensure equitable access to STEM resources and opportunities for all students?,cot
1073,How do vaccines work to protect the body?,role
1074,What policies would most effectively reduce childhood poverty in an advanced economy?,cot
1075,How does screen time affect early childhood development?,cot
1076,Plan a multi-lingual voter education initiative for a major election.,cot
1077,What strategies can a government use to foster innovation in space exploration while ensuring international cooperation and safety?,cot
1078,Build a tracking system for grant applications.,cot
1079,Explain the significance of ethical consumerism.,role
1080,How did decolonization shape the political and economic structures of postcolonial states?,role
1081,Organize a shared calendar for a team project.,cot
1082,What was the Harlem Renaissance and why is it significant to American culture?,role
1083,How can schools promote media literacy to combat the spread of disinformation among students?,cot
1084,What are the steps to adopt a minimalist lifestyle?,cot
1085,Analyze the impact of mobile payment technology.,role
1086,Explain the concept of behavioral economics.,role
1087,Design a monthly maintenance checklist for an apartment.,cot
1088,How do philosophical theories of identity inform debates on gender and selfhood?,role
1089,How can educators foster metacognitive skills in students to enhance their independent learning?,cot
1090,Prepare a team for an upcoming product launch.,cot
1091,Propose a public awareness campaign on digital privacy.,cot
1092,What strategies should universities employ to internationalize their curriculum and foster global citizenship?,cot
1093,Analyze the ethical issues surrounding animal testing.,role
1094,Discuss the significance of emotional well-being in the workplace.,role
1095,How do international sanctions impact local economies?,cot
1096,Explore the narrative role of unreliable narrators in fiction and film.,role
1097,How can literature programs at the university level foster both analytical skills and creative engagement in students?,cot
1098,Explain the principles of effective teamwork.,role
1099,Create a plan for a community health initiative.,role
1100,Create a city-wide plan for heatwave preparedness.,cot
1101,What are the most effective ways to manage screen time for children?,cot
1102,How do financial literacy programs impact intergenerational wealth gaps?,role
1103,How can STEM outreach initiatives effectively inspire underrepresented youth to pursue careers in science and engineering?,cot
1104,Create a scenario where a mathematician must solve a real-world problem using calculus.,role
1105,Describe the function of end-to-end encryption in modern communication apps.,role
1106,What is the most effective way for governments to address the root causes of urban poverty?,cot
1107,How does climate change affect migration patterns globally?,cot
1108,How can a government modernize its cybersecurity infrastructure to protect against evolving digital threats?,cot
1109,"How could a city redesign its public transportation system to maximize accessibility, sustainability, and economic growth?",cot
1110,Design a process for evaluating open-source software for government use.,cot
1111,How can someone stay consistent with fitness goals?,cot
1112,What challenges do gig economy workers face regarding job security?,cot
1113,What steps should a country take to protect biodiversity while supporting agricultural productivity?,cot
1114,What drives the popularity of conspiracy theories online?,cot
1115,What are the key features of cloud computing?,role
1116,Analyze the role of cooperative ownership models in alleviating wealth inequality.,role
1117,Design a public arts grant system that prioritizes community engagement.,cot
1118,Explore the role of technology in education.,role
1119,How does the endocrine system regulate stress?,role
1120,What role does architecture play in promoting mental well-being?,role
1121,"What are the most promising developments in quantum computing, and how should policymakers prepare for their impact?",cot
1122,How to design inclusive playgrounds for children of all abilities?,role
1123,Explain the basics of blockchain technology.,role
1124,How could a global alliance work together to eliminate plastic pollution in the world’s oceans?,cot
1125,What is the best way to foster innovation in a team?,role
1126,What strategies support cross‑cultural business negotiations?,role
1127,What are the economic effects of inflation?,role
1128,What is the role of citizen science in modern ecological monitoring?,role
1129,What would be the best approach for a city to revitalize neglected urban neighborhoods while preventing displacement of existing residents?,cot
1130,Discuss the implications of social media on political discourse.,role
1131,What are the economic consequences of biodiversity loss?,cot
1132,Discuss the significance of oral storytelling traditions.,role
1133,What is the best way for a nation to develop a disaster-resilient power grid?,cot
1134,How can someone become more confident in social situations?,cot
1135,How do government surveillance programs affect citizen behavior?,cot
1136,Explain the ecological importance of keystone species.,role
1137,How can educators use project-based learning to enhance both content mastery and collaborative skills among students?,cot
1138,How does media coverage influence perceptions of migration?,cot
1139,Explore the concept of existentialism in philosophy.,role
1140,How can behavioral insights improve public policy outcomes?,role
1141,Write a short story about an alien visiting Earth.,role
1142,Create a travel itinerary for a cultural city trip.,cot
1143,How can someone reduce their screen time without missing important updates?,cot
1144,How can individuals prepare for a natural disaster?,role
1145,What lessons can planetary geology teach us about climate resilience on Earth?,role
1146,Explore the philosophical concept of utilitarianism.,role
1147,How can a national government ensure equitable access to digital healthcare services for all citizens?,cot
1148,How can parents encourage reading habits in children?,cot
1149,What is the function of satire in holding power to account throughout history?,role
1150,How can someone increase daily productivity?,cot
1151,How can interdisciplinary collaboration advance scientific discovery?,role
1152,Explain the concept of cultural relativism.,role
1153,How can small businesses optimize cash flow during economic downturns?,role
1154,Build a routine to support long-term creative projects.,cot
1155,Create a marketing strategy for a mobile app launch.,cot
1156,How do different education philosophies shape pedagogy?,role
1157,What challenges arise when integrating Indigenous knowledge systems into environmental governance?,role
1158,Discuss the role of probiotics in digestive health.,role
1159,Write a short story about a detective in a dystopian future.,role
1160,Organize a closet without getting overwhelmed.,cot
1161,What are the sociological implications of remote work becoming permanent?,role
1162,How can advances in neuroscience research be translated into practical interventions for improving mental health?,cot
1163,Discuss the implications of climate policy on global economics.,role
1164,What are the challenges of enforcing international environmental agreements?,cot
1165,Describe the role of women in the Industrial Revolution.,role
1166,Discuss the influence of classical music on cognitive function.,role
1167,How can primary and secondary schools integrate computational thinking into their core curricula to prepare students for a digital future?,cot
1168,What is the role of satire in digital activism?,role
1169,Explore the role of education in social mobility.,role
1170,"How can urban planners ensure equitable access to green infrastructure, such as parks and community gardens, in rapidly growing cities?",cot
1171,Discuss the implications of telemedicine.,role
1172,Describe the benefits of mindfulness practices.,role
1173,Build a basic budgeting system for monthly expenses.,cot
1174,Explore the connection between literature and social change.,role
1175,What are the privacy implications of biometric data collection?,cot
1176,What are the most effective strategies for preserving endangered world heritage sites amid political instability and climate change?,cot
1177,What is the sociopolitical impact of internet censorship in authoritarian regimes?,role
1178,How can museums and cultural institutions use digital technology to expand public engagement and education?,cot
1179,What strategies make emergency alert systems more effective?,cot
1180,How can creative writing enhance empathy and social understanding?,role
1181,What is the most effective way for nations to coordinate pandemic preparedness and response at the global level?,cot
1182,What factors influence how people perceive climate change risk?,cot
1183,Explain the impact of microplastics on marine life.,role
1184,Examine how urban planning policies can contribute to or alleviate socioeconomic segregation.,role
1185,Develop a recycling education curriculum for middle schools.,cot
1186,Discuss the relationship between art and identity.,role
1187,Redesign a workspace for hybrid collaboration.,cot
1188,Explore the role of fiction in understanding human experiences.,role
1189,What are the essential elements of a compelling personal essay for university admissions?,role
1190,Why are keystone species vital for ecosystems?,role
1191,What are the most effective ways to use behavioral science insights to encourage environmentally sustainable choices in consumers?,cot
1192,What is the most effective way to support adult learners in mastering new technologies for workforce development?,cot
1193,Explain the importance of early childhood education.,role
1194,What is the best approach for a country to preserve and promote its intangible cultural heritage?,cot
1195,How do art-based methods support interdisciplinary research in public health?,role
1196,How can philosophy education in high schools be structured to encourage independent thought and critical engagement with contemporary issues?,cot
1197,What strategies can improve civic engagement among young voters?,cot
1198,Formulate a disaster preparedness plan for a small business.,cot
1199,What makes disaster recovery efforts more equitable?,cot
1200,Create an implementation plan for universal pre-K in a mixed-income city.,cot
